Title,Author,Subject
Core Python Programming,R. Nageswara Rao,python programming
Core Python programming,Wesley Chun,python programming
Black Hat Python,Justin Seitz,python programming
Python Programming,Reema Thareja,python programming
Python,Joshua Welsh,python programming
Python Programming,Sarah Stewart,python programming
Python Programming,Adam Stewart,python programming
Python Programming Crash Course,Alex Jaxson,python programming
Python programming,John M. Zelle,python programming
Python Programming,"Naveen ,Kumar and Taneja Sheetal",python programming
Python Programming,Scott Bernard,python programming
Python Programming,Logical Operations Staff,python programming
Python Programming,Vijaya Kumara Sarma,python programming
Python Programming,Wen Mcrorie,python programming
Python programming in context,Bradley N. Miller,python programming
Python Programming,David Yang,python programming
Python Programming,moaml mohmmed,python programming
Programming Python,Mark Lutz,python programming
Python Programming,Infinity Solutions,python programming
Learning Python,Mark Lutz,python programming
Python Programming,Sambath M,python programming
Python Programming,Nicky Kamerad,python programming
Python Programming For Beginners,Python Programming,python programming
Python Programming,"James, Thomas",python programming
Python Programming for Intermediates,Python Programming,python programming
Intermediate Python Programming,Richard Ozer,python programming
Python® Programming : Advanced,Logical Operations Logical Operations,python programming
Black Hat Python Programming,Richard Ozer,python programming
Python Programming for Beginners,Joseph Joyner,python programming
Python Programming for Beginners,Joseph Joyner,python programming
Fundamentals of Python Programming,Richard L. Halterman,python programming
Python® Programming : Advanced,Logical Operations Logical Operations,python programming
Python Programming,Yuvaraj Jonna,python programming
Python Programming,Joseph Langston,python programming
Python Programming,Jon Bond,python programming
Python Programming,Navi Feroz,python programming
Python Programming,George Duckett,python programming
Python Programming Books Set,James Long,python programming
Python Programming,Cal Baron,python programming
Python Programming for Advanced,Python Programming,python programming
Python Programming,Jason Rees,python programming
Python Programming Tutorials,Adelaida Seykoski,python programming
Python Programming for Newbies,Ajit Kumar,python programming
Python Programming,K Connors,python programming
Python Programming Now!,D. James Smith,python programming
Python : Python Programming for Beginners,Joseph Connor,python programming
Python Programming,Graham Shaw,python programming
Python Programming,Vinod Patidar,python programming
Introduction to Python Programming,Gowrishankar S,python programming
Python Programming,William Gunnells,python programming
Python Programming,Martin C. Brown,python programming
Python Programming,The Code Academy,python programming
Murach's Python Programming,Michael Urban,python programming
Python Programming,Wikibooks contributors,python programming
Python Programming,Richa Malhotra,python programming
Python Programming Language,Bradley N. Miller,python programming
Python Programming,Irfan Turk,python programming
Python Programming,Mr Daniel Jones,python programming
Python Programming,Alexander Bold,python programming
Python Programming,Jason Greg,python programming
Python Programming for Beginners,Paul Kinley,python programming
Python,Bradley N. Miller,python programming
Python Programming Concepts,Christopher Panaretos,python programming
Python Programming for Beginners,Craig Benson,python programming
Python Programming Fundamentals,Kent D. Lee,python programming
Fluent Python,Luciano Ramalho,python programming
Python programming,John M. Zelle,python programming
Python Book 2021 - Python Programming for Beginners!,Magnus D'Jango,python programming
Python Programming Patterns,Thomas W. Christopher,python programming
Python Programming Advanced,Adam Stewart,python programming
Python Programming for Beginners,Robert Richards,python programming
Python Programming,Marco Robert,python programming
Python Programming,Daniel Jones,python programming
Python Programming,Aaron Smith,python programming
Python Programming,Norman James,python programming
Master Python Programming,Abhishek Singh,python programming
Python Programming,Jimmy Smith,python programming
Python : Python Programming For Beginners - The Comprehensive Guide To Python Programming,Adam Stark,python programming
Python Programming,John Wilmot,python programming
Introduction to Python Programming,Alex Jaxson,python programming
Python Programming,Adrien Aida,python programming
Advanced Python Programming,Brian Overland,python programming
Python Programming,Mark Adams,python programming
Python Programming Hero,Kovid Panthy,python programming
Python Programming,"Jackson, Thomas",python programming
Pragmatic Python Programming,Gabor Guta,python programming
Pythonic Programming,Dmitry Zinoviev,python programming
Python Programming,Martin C. Rodriguez,python programming
Python Programming,Matthew Gimson,python programming
Python Programming : Tips and Tricks,CBPublishing,python programming
Building Python Programs,Stuart Reges,python programming
Understanding Python Programming Language,Kelvin T. Saungweme,python programming
Python Programming Language,Berajah Jayne,python programming
Python for Beginners : 2 Books in 1,Programming Languages ACADEMY,python programming
Python Programming,Bryan Johnson,python programming
Python Programming Language,Ashok Tejwan,python programming
Python Programming,Steve M. Manson,python programming
Python Programming for Beginners,Martin Laredo,python programming
Python Programming,Mark Reed,python programming
Python : Python Programming,Steve Gold,python programming
Data Structures and Algorithms Made Easy,Narasimha Karumanchi,data structures
Schaum's outline of theory and problems of data structures,Seymour Lipschutz,data structures
Fundamentals of data structures in C,Ellis Horowitz,data structures
Data structures and algorithms,Alfred V. Aho,data structures
 Fundamentals of Data Structures in C++ 2nd Edition,Ellis Horowitz,data structures
Data Structures Through C in Depth,S.K. Srivastava,data structures
Algorithms and data structures,Niklaus Wirth,data structures
Data structures and algorithm analysis in C,Mark Allen Weiss,data structures
Engineering sciences data,Engineering Sciences Data Unit.,data structures
Data Structures Using C,Aaron M. Tenenbaum,data structures
NASA/DoD aerospace knowledge diffusion research project,Thomas E. Pinelli,data structures
An introduction to data structures with applications,Jean-Paul Tremblay,data structures
Purely functional data structures,Chris Okasaki,data structures
Algorithms + data structures=programs,Niklaus Wirth,data structures
Data structures,Alfs T. Berztiss,data structures
Financial Management,United States. General Accounting Office,data structures
Advanced data structures,Peter Brass,data structures
Data structures,Richard F. Gilberg,data structures
Classic Data Structures,D. Samanta,data structures
Data structures using C and C++,Yedidyah Langsam,data structures
Data structures & algorithms in Java,Robert Lafore,data structures
Financial audit,United States. General Accounting Office,data structures
Data structures,Richard F Gilberg,data structures
Data-structures and programming,Malcolm C. Harrison,data structures
C++ Programming,D. S. Malik,data structures
"Data structures, algorithms, and software principles in C",Thomas A. Standish,data structures
Data Structures,Seymour Lipschutz,data structures
Data Structures,Lipschutz,data structures
Data Structures and Algorithms in Python,Michael T. Goodrich,data structures
Data structures using PASCAL,Aaron M. Tenenbaum,data structures
Data Structure and Algorithmic Thinking with Python: Data Structure and Algorithmic Puzzles,Narasimha Karumanchi,data structures
data structures through c in depth,"Srivastava, s.k",data structures
Data structures and algorithms in C++,Adam Drozdek,data structures
Data structures,Jeffrey Esakov,data structures
Data structure techniques,Thomas A. Standish,data structures
Data Structures and Algorithms Made Easy in Java,Narasimha Karumanchi,data structures
Data Structures Through C++,Yashavant Kanetkar,data structures
Data Structures,Noah,data structures
C++ plus data structures,Nell B. Dale,data structures
Data structures,Harry F. Smith,data structures
Data structures and program design in C,Robert L. Kruse,data structures
Data structures and algorithms,Shi-Kuo Chang,data structures
Understanding data structures,Rob Gerritsen,data structures
Data Structures Through C,E. Krishnarao PATRO,data structures
Data structures using Java,Duncan A. Buell,data structures
Data Structures Through C - Data Structures Through C in Depth - Data Structures and Algorithms Through C,Krishnarao Patro,data structures
Data structures,A. T. Berztiss,data structures
Data structures and algorithms in Java,Michael T. Goodrich,data structures
Data Structures Using C,Boris Allan,data structures
Data structures with C[plus plus],"Ford, William.",data structures
Data Structure,Zobair ullah,data structures
Data Structures Sos,LIPSCHUTZ,data structures
Open Data Structures,Pat Morin,data structures
Data Structure Puzzles,Narasimha Karumanchi,data structures
"Advances in Computers, Volume 49 (Advances in Computers)",Marvin V. Zelkowitz,data structures
Fundamentals of data structures in Pascal,Ellis Horowitz,data structures
Data structures,Christer Arvas,data structures
Data Structures,Shmuel Tomi Klein,data structures
Data structures,Christer Arvas,data structures
Data Structures and Abstractions with Java,Frank M. Carrano,data structures
Data structures and program design,Robert L. Kruse,data structures
Data structures,Rick Decker,data structures
Data structures with STL,William H. Murray,data structures
Algorithms and data structures,Charles F. Bowman,data structures
Data structures,Elliot B. Koffman,data structures
Advanced Data Structures,Suman Saha,data structures
Data Structures,M.T. Goodrich,data structures
Data Structures,Nishant Pal,data structures
Data Structures,N. K. Tiwari,data structures
Data structures,Edward M. Reingold,data structures
Data Structures,Mark Elson,data structures
Data structures,Unknown,data structures
Data Structures,Sesh Venugopal,data structures
Data structures with abstract data types and Pascal,Daniel F. Stubbs,data structures
Data structures,"Collins, William J.",data structures
Data structure and management,Ivan Flores,data structures
Developing data structured databases,Michael H. Brackett,data structures
Algorithms and data structures,Jeffrey H. Kingston,data structures
Data Structures Through C,Yashavant Kanetkar,data structures
Data Structures,Brian Bailey,data structures
Data structures,M. J. R. Shave,data structures
Data Structure,S. Khaur,data structures
Data Structures,KUSHWAHA/MISRA,data structures
Data structure,YE HE YA,data structures
Data structures,Brian Bailey,data structures
Data structures,G. W. Angel,data structures
Data Structure,Ellis Horowitz,data structures
Data Structures,Ellis Horowitz,data structures
Data Structure,Nishant Pal,data structures
Data Structure,Seyed Hossein Ahmadpanah,data structures
Data structures,Mark Elson,data structures
Data Structures,Michael T. Goodrich,data structures
Data Structures,Edward M. Reingold,data structures
Data structures,David T. Barnard,data structures
Data Structure,Gerard Blokdyk,data structures
Implicit Data Structure,Gerardus Blokdyk,data structures
Data Structures,Lawrence W. Turner,data structures
Introduction to data structures,Open University. Algorithmic Approach to Computing Course Team.,data structures
C++ Data Structures,Stefan Brandle,data structures
Compact Data Structures,Gonzalo Navarro,data structures
Introduction to Algorithms,Thomas H. Cormen,algorithms
"Advances in Computers, Volume 49 (Advances in Computers)",Marvin V. Zelkowitz,algorithms
Prey,Michael Crichton,algorithms
Algorithms to Live By,Brian Christian,algorithms
Data Structures and Algorithms Made Easy,Narasimha Karumanchi,algorithms
Computer Networks,Andrew S. Tanenbaum,algorithms
The Emperor's New Mind,Roger Penrose,algorithms
Artificial intelligence,Stuart J. Russell,algorithms
The art of computer programming,Donald Knuth,algorithms
Modern Operating Systems,Andrew S. Tanenbaum,algorithms
Digital signal processing,John G. Proakis,algorithms
Data structures and algorithms,Alfred V. Aho,algorithms
Computer networking,James F. Kurose,algorithms
Grokking Algorithms: An illustrated guide for programmers and other curious people,Aditya Y. Bhargava,algorithms
The algorithm design manual,Steven S. Skiena,algorithms
Computer science,J. Glenn Brookshear,algorithms
Discrete Mathematics and Its Applications,Kenneth H. Rosen,algorithms
Weapons of Math Destruction,Cathy O'Neil,algorithms
JavaScript,David Flanagan,algorithms
Hello world,Hannah Fry,algorithms
Hacking,Jon Erickson,algorithms
Data Communications and Networking,Behrouz A. Forouzan,algorithms
Algorithms of Oppression,Safiya Umoja Noble,algorithms
Data structures and algorithm analysis in C,Mark Allen Weiss,algorithms
The Master Algorithm,Pedro Domingos,algorithms
"Introduction to automata theory, languages, and computation",John E. Hopcroft,algorithms
Applied Cryptography,Bruce Schneier,algorithms
Invitation to Computer Science,G. Michael Schneider,algorithms
"Data structures, algorithms, and software principles in C",Thomas A. Standish,algorithms
Advances in Computers,Marshall C. Yovits,algorithms
Grokking Algorithms,Aditya Y. Bhargava,algorithms
Algorithms,Robert Sedgewick,algorithms
Algorithmics,David Harel,algorithms
Algorithms,Robert Sedgewick,algorithms
Beginning programming for dummies,Wallace Wang,algorithms
Design Analysis and Algorithms,Hari Mohan Pandey,algorithms
Data Structures and Algorithms in Python,Michael T. Goodrich,algorithms
Algorithms and data structures,Niklaus Wirth,algorithms
Data Mining,Mehmed Kantardzic,algorithms
Algorithms + data structures=programs,Niklaus Wirth,algorithms
Data structures & algorithms in Java,Robert Lafore,algorithms
Algorithm design,Jon Kleinberg,algorithms
Operations Research,Wayne L. Winston,algorithms
Algorithmic Trading,Ernie Chan,algorithms
Data Structure and Algorithmic Thinking with Python: Data Structure and Algorithmic Puzzles,Narasimha Karumanchi,algorithms
Data structures and algorithms in C++,Adam Drozdek,algorithms
Astronomical algorithms,Jean Meeus,algorithms
Quantum computation and quantum information,Michael A. Nielsen,algorithms
The YouTube Formula,Derral Eves,algorithms
"Graphs, algorithms, and optimization",William Kocay,algorithms
Algorithms Illuminated,Tim Roughgarden,algorithms
Python Algorithms,Magnus Lie Hetland,algorithms
Data Structures and Algorithms Made Easy in Java,Narasimha Karumanchi,algorithms
Algorithms unlocked,Thomas H. Cormen,algorithms
Discrete mathematics,Kenneth A. Ross,algorithms
An introduction to computer science,Jean-Paul Tremblay,algorithms
"Information Theory, Inference & Learning Algorithms",David J.C. MacKay,algorithms
Graph algorithms,Shimon Even,algorithms
Algorithms,Christos H. Papadimitriou,algorithms
Data structures and algorithms in Java,Michael T. Goodrich,algorithms
Distributed operating systems & algorithms,Randy Chow,algorithms
Algorithmic game theory,Noam Nisan,algorithms
Applied and algorithmic graph theory,G. Chartrand,algorithms
Distributed Storage,Yaniv Pessach,algorithms
Algorithmics,Gilles Brassard,algorithms
Algorithms in C++,Robert Sedgewick,algorithms
Introduction to algorithms,Udi Manber,algorithms
Swarm Intelligence Algorithms,Adam Slowik,algorithms
Algorithmic Trading,Jeffrey M Bacidore,algorithms
Computer algorithms/C++,Ellis Horowitz,algorithms
C How to Program,Paul J. Deitel,algorithms
Algorithms and data structures,Jeffrey H. Kingston,algorithms
Algorithms for HVAC acoustics,Douglas D. Reynolds,algorithms
Once upon an algorithm,Martin Erwig,algorithms
Scheduling algorithms,Peter Brucker,algorithms
The Design and Analysis of Computer Algorithms,Alfred V. Aho,algorithms
Algorithms,Robert Sedgewick,algorithms
Against the gods,Peter L. Bernstein,algorithms
Algorithm design,Eva Tardos,algorithms
Distributed algorithms,Nancy A. Lynch,algorithms
Computer algorithms,Sara Baase,algorithms
Algorithms,Richard Johnsonbaugh,algorithms
Algorithms in a nutshell,George T. Heineman,algorithms
Introduction to distributed algorithms,Gerard Tel,algorithms
Algorithms,John Mueller,algorithms
Algorithmic puzzles,Anany Levitin,algorithms
Introduction to the design & analysis of algorithms,Anany Levitin,algorithms
Algorithme,"Arnoux, Alexandre.",algorithms
Practical genetic algorithms,Randy L. Haupt,algorithms
Machine learning,Stephen Marsland,algorithms
Algorithms,Anthony Ralston,algorithms
Randomized algorithms,Rajeev Motwani,algorithms
Algorithm design,Michael T. Goodrich,algorithms
Computer arithmetic algorithms,Israel Koren,algorithms
Concrete mathematics,Ronald L. Graham,algorithms
Data structures and algorithms,Shi-Kuo Chang,algorithms
Computer Science Distilled,Wladston Ferreira Filho,algorithms
Algorithms,Blake A. Hoena,algorithms
Python for Algorithmic Trading,Yves Hilpisch,algorithms
Algorithms,Andy Vickler,algorithms
Why Machines Learn,Anil Ananthaswamy,machine learning
The Time Machine,H. G. Wells,machine learning
Machine learning,Kevin P. Murphy,machine learning
Introduction to Machine Learning with Python,Andreas C. Mueller,machine learning
Machine learning,Ethem Alpaydin,machine learning
Machine Learning System Design Interview,Ali Aminian,machine learning
"Hands-On Machine Learning with Scikit-Learn, Keras, and TensorFlow",Aurélien Géron,machine learning
Introduction to machine learning,Ethem Alpaydin,machine learning
Machine Learning Proceedings 1995,Machine Learning,machine learning
Machine Learning,Mg Martin,machine learning
Machine Learning,Tom M. Mitchell,machine learning
Ἰλιάς,Όμηρος,machine learning
The Invisible Man,H. G. Wells,machine learning
Alice's Adventures in Wonderland,Lewis Carroll,machine learning
Machine Learning For Dummies,John Paul Mueller,machine learning
Machine Learning Proceedings 1990,Machine Learning,machine learning
Machine Learning Proceedings 1993,Machine Learning,machine learning
Python machine learning,Sebastian Raschka,machine learning
Machine Learning,Vincy Joseph Anuradha Srinivasaraghavan,machine learning
Machine Learning Proceedings 1989,Machine Learning,machine learning
Machine-Learning Basics for Beginners : Machine Learning Methods,Valentin Cholewa,machine learning
Machine Learning Proceedings 1991 (Ml91),Machine Learning,machine learning
Machine Learning Proceedings 1992 (Ml92),Machine Learning,machine learning
The Hundred-Page Machine Learning Book,Andriy Burkov,machine learning
Mathematics for Machine Learning,Marc Peter Deisenroth,machine learning
At the Back of the North Wind,George MacDonald,machine learning
Machine Learning,Robert Keane,machine learning
Machine Learning,Alexander Jung,machine learning
Machine Learning,Peter Wolfinger,machine learning
Designing Machine Learning Systems,Chip Huyen,machine learning
Machine learning,Ryszard S. Michalski,machine learning
Machine learning,Stephen Marsland,machine learning
Machine Learning,Mohssen Mohammed,machine learning
Machine Learning with Pytorch and Scikit-Learn,Sebastian Raschka,machine learning
Foundations of machine learning,Mehryar Mohri,machine learning
Machine Learning For Absolute Beginners,Oliver Theobald,machine learning
Machine Learning,Frank Millstein,machine learning
Optimization and Machine Learning,Rachid Chelouah,machine learning
Machine Learning,Steve Jacobs,machine learning
Probabilistic Machine Learning,Kevin P. Murphy,machine learning
Machine Learning,"Rui Camacho,Pavel Brazdil,Jo O. Gama",machine learning
Machine Learning,Edward Mize,machine learning
Machine learning for hackers,Drew Conway,machine learning
Machine Learning Basics : a Comprehensive Guide about Machine Learning,Valorie Mennen,machine learning
Machine Learning with Python,"Eknath, Prof. Upasani Dhananjay, 1st",machine learning
Cost-sensitive machine learning,Balaji Krishnapuram,machine learning
Machine Learning,Seyedeh Leili Mirtaheri,machine learning
Machine Learning Interviews,Susan Shu Chang,machine learning
Machine Learning Design Interview,Khang Pham,machine learning
Machine Learning,Edgar Wertheim,machine learning
Machine Learning Truth,Aubrey Mazzotta,machine learning
Machine learning in action,Peter Harrington,machine learning
Machine Learning,Jugal Kalita,machine learning
Machine Learning Python,Nexcod Publishing,machine learning
Machine Learning,T. V. Geetha,machine learning
Machine learning,Thomas Mitchell,machine learning
Applied Machine Learning,M. GOPAL,machine learning
Machine Learning,Jason Bell,machine learning
Airframe,Michael Crichton,machine learning
Machine learning,Balas Kausik Natarajan,machine learning
Machine learning,Richard Forsyth,machine learning
Machine Learning,Tony Jebara,machine learning
Machine Learning,Steven W. Knox,machine learning
"Machine Learning Book : Learn Machine Learning, Deep Learning, Data Science, and More!",Barbar Levander,machine learning
Practices for Machine Learning,Shirlene Canario,machine learning
Machine Learning Guide,Desirae Koloski,machine learning
Python Machine Learning,Frank Millstein,machine learning
Machine Learning,Leonard Eddison,machine learning
Grokking Machine Learning,Luis Serrano,machine learning
Machine Learning Systems,Johnson Indovina,machine learning
Machine Learning,Maritza Palacios Medina,machine learning
Machine Learning,Vinod Chandra,machine learning
Machine learning,Jaime G. Carbonell,machine learning
Machine Learning,C. R. Rao,machine learning
Machine Learning : This Book Includes,Daniel Géron,machine learning
Practices for Machine Learning : What Is Machine Learning,Werner Margison,machine learning
Python machine learning from scratch,Jonathan Adam,machine learning
The Alignment Problem,Brian Christian,machine learning
Machine Learning,Balas K. Natarajan,machine learning
Machine Learning,Oliver Tensor,machine learning
Machine Learning,Jugal Kumar Kalita,machine learning
Machine Learning,Nelson Boli´var,machine learning
Machine Learning,George Duckett,machine learning
Machine Learning,Henry Liu,machine learning
Machine Learning,Bob Kelley,machine learning
Machine Learning 2020,Phill Vega,machine learning
Machine Learning,Christopher William,machine learning
Machine Learning,Readyai,machine learning
Lifelong Machine Learning,Zhiyuan Chen,machine learning
Machine learning,John Robert Anderson,machine learning
Machine learning,John Robert Anderson,machine learning
Machine Learning,David Longbow,machine learning
Machine Learning,Saikat Dutt And Subramanian Chandramouli,machine learning
Machine Learning,Zhi-Hua Zhou,machine learning
Machine Learning Applications,Siddhartha Bhattacharyya,machine learning
Elements of machine learning,Pat Langley,machine learning
Machine Learning for Beginners,Matthew Kinsey,machine learning
Machine Learning Vol. 4,Ryszard Michalski,machine learning
Secrets Machine Learning How Machines : Secrets of Machine Learning,(TOM),machine learning
Statistical Machine Learning,Richard Golden,machine learning
Database system concepts,Abraham Silberschatz,database systems
Fundamentals of database systems,Ramez Elmasri,database systems
A first course in database systems,Jeffrey D. Ullman,database systems
Management information systems,Kenneth C. Laudon,database systems
Database systems,Peter Rob,database systems
Database Systems,Paul Beynon-Davies,database systems
Database system concepts,Henry F. Korth,database systems
Principles of distributed database systems,M. Tamer Özsu,database systems
Database systems,Hector Garcia-Molina,database systems
An introduction to database systems,C. J. Date,database systems
NASA/DoD aerospace knowledge diffusion research project,Thomas E. Pinelli,database systems
Medea,Euripides,database systems
Teaching expert database systems,R. F. Morgan,database systems
Business database systems,Thomas Connolly,database systems
Principles of database systems,Jeffrey D. Ullman,database systems
Database systems,Peter Rob,database systems
Advanced database systems,Carlo Zaniolo,database systems
Database systems,Paolo Atzeni,database systems
Database system implementation,Hector Garcia-Molina,database systems
Database Systems Concepts,Abraham Silberschatz,database systems
Readings in database systems,Michael Stonebraker,database systems
Database system implementation,Hector Garcia-Molina,database systems
Fundamentals of database systems,Ramez Elmasri,database systems
Designing relational database systems,Rebecca Riordan,database systems
Relational database systems,J. Schmidt,database systems
Database systems,Catherine M. Ricardo,database systems
Database Systems,Alice Tsai,database systems
Database System,M. M. Kashyap,database systems
Database Systems,Nenad Jukic,database systems
Database Systems,Paolo Atzeni,database systems
Database Systems,Camila Thompson,database systems
Database systems,Unknown,database systems
Readings in database systems,Michael Stonebraker,database systems
Filing and database systems,Jeffrey Robert Stewart,database systems
Fundamentals of database systems,Ramez Elmasri,database systems
Database systems,"Singh, S. K.",database systems
Database Systems,Paolo Atzeni,database systems
Database systems,Alden C. Lorents,database systems
Introduction to database systems,Stephane Bressan,database systems
Database systems,Philip J. Pratt,database systems
An introduction to database systems,C. J. Date,database systems
Database Systems,Nickerson,database systems
Database System,Unknown,database systems
Database Systems,Atzeni,database systems
Database Systems,"Foster, Elvis C., Godbole, Shripad V.",database systems
Database Systems,Walter Evans,database systems
Database Systems,Shaun Smith,database systems
Database Systems,Jacques George,database systems
Database Systems,Unknown,database systems
Database Systems,Paolo Atzeni,database systems
Database systems,C. J. Date,database systems
Database System,Peter Rob,database systems
Database Systems,Rob Peter,database systems
A practical approach to database systems,"Quittner, Pál.",database systems
Database Systems,Keisha Peak,database systems
ESCAP minerals database system,United Nations. Economic and Social Commission for Asia and the Pacific,database systems
Federated Database System,Gerard Blokdyk,database systems
Database Systems,Inaya Totah,database systems
Heterogeneous Database System,Gerardus Blokdyk,database systems
Database systems,Peter Rob,database systems
ESCAP minerals database system,United Nations. Economic and Social Commission for Asia and the Pacific,database systems
Database systems,Peter Rob,database systems
Video database systems,Unknown,database systems
Aero/fluids database system,Unknown,database systems
Database systems,Michael Kifer,database systems
Database Systems,"Nenad Jukic, Susan Vrbsky, Svetlozar Nestorov, Abhishek Sharma",database systems
Database systems,Peter Rob,database systems
Databases and Database Systems,Unknown,database systems
Databases and database systems,E. A. Oxborrow,database systems
Relational database systems,Dan A. Simovici,database systems
Database System Concepts,Korth         ,database systems
Component database systems,Klaus R. Dittrich,database systems
Database Systems,Elvis C Foster,database systems
Ldar s engineering database system,Mustafa Mehmet,database systems
Intelligent database systems,Elisa Bertino,database systems
Nontraditional Database Systems,Katsumi Tanaka,database systems
Bioinformatics Database Systems,Jason T. L. Wang,database systems
Database systems,Thomas M. Connolly,database systems
Database Systems,Ramez Elmasri,database systems
"Database System Concepts, 3rd","Abraham; Korth, Henry F.; Sudarshan, S.; Silberschatz Silberschatz",database systems
Relational Database Systems,Joachim Schmidt,database systems
Semantic Database Systems,C. S. Prabhu,database systems
Relational Database Systems,Joachim W. Schmidt,database systems
Expert database systems,Paul Beynon-Davies,database systems
Relational database systems,Joachim W. Schmidt,database systems
Database Systems Principle,Catherine Ricardo,database systems
Relational database systems,Joergen Fischer Nilsson,database systems
Database System Concepts,SILBERSCHATZ,database systems
Active rules in database systems,Norman W. Paton,database systems
The EXOSAT database system,Chris Barron,database systems
Database Systems,Elvis C. Foster,database systems
Introduction to Database Systems,C. J. Date,database systems
Principles of relational database systems,Sitansu S. Mittra,database systems
Database systems management and design,Philip J. Pratt,database systems
database system concepts,abraham silberschatz,database systems
Database System Concepts,Silberschatz,database systems
Database Systems,"Pearson,Hector Garcia-Molina,Jeffrey D. Ullman,Jennifer Widom,",database systems
Multimedia Database Systems,Kingsley C. Nwosu,database systems
Recovery in parallel database systems,Svein-Olaf Hvasshovd,database systems
"Advances in Computers, Volume 49 (Advances in Computers)",Marvin V. Zelkowitz,database systems
Computer Science,Carl French,computer science
Computer science,J. Glenn Brookshear,computer science
Mathematical structures for computer science,Judith L. Gersting,computer science
Invitation to Computer Science,G. Michael Schneider,computer science
Computer science,J. Glenn Brookshear,computer science
Operating systems,Stuart E. Madnick,computer science
Transactions on Engineering Technologies,Sio-Iong Ao,computer science
"Advances in Computers, Volume 49 (Advances in Computers)",Marvin V. Zelkowitz,computer science
Careers in Focus,Ferguson Publishing Company,computer science
Algorithms to Live By,Brian Christian,computer science
2001,Arthur C. Clarke,computer science
Computer science,Behrouz A. Forouzan,computer science
The Autobiography of Benjamin Franklin,Benjamin Franklin,computer science
Computer Science Distilled,Wladston Ferreira Filho,computer science
Les Robots,Isaac Asimov,computer science
Financial Management,United States. General Accounting Office,computer science
Computer science,C. S. French,computer science
Financial audit,United States. General Accounting Office,computer science
Computer science,L. Goldschlager,computer science
Languages and machines,Thomas A. Sudkamp,computer science
The World Almanac for Kids,Judith S. Levey,computer science
Python Programming : This Book Includes,Computer Science Computer Science Academy,computer science
English for computer science,Norma D. Mullen,computer science
Physics for Computer Science Students,Narciso Garcia,computer science
Computer Sciences,Roger R. Flynn,computer science
Computing Science,Peter Bishop,computer science
Computer Science Principles,Mr. Kevin P Hare,computer science
Python for Data Analysis,Computer Science Computer Science Academy,computer science
Computer Science,Robert Sedgewick,computer science
Computer science,Susan K. Baumann,computer science
Neuromancer,William Gibson,computer science
Software Engineering,Roger S. Pressman,computer science
Computer Science With C++ Class,Sumita Arora,computer science
Computer Concepts,June Jamrich Parsons,computer science
Linear algebra and its applications,David C. Lay,computer science
Foundations of computer science,Alfred V. Aho,computer science
Quantum Computer Science,N. David Mermin,computer science
Flamingo Coloring Book,computer science,computer science
Computer science,Alexandra I. Forsythe,computer science
CfE higher computing science,Alan Williams,computer science
Computer Science,Alexandra I. Forsythe,computer science
Concrete mathematics,Ronald L. Graham,computer science
Computer science,J. K. Atkin,computer science
Computer science,D. C. Palmer,computer science
Prey,Michael Crichton,computer science
An introduction to computer science,Jean-Paul Tremblay,computer science
Computer science,Organisation for Economic Co-operation and Development,computer science
Horizons in computer science research,Thomas S. Clary,computer science
Computer science handbook,Allen B. Tucker,computer science
Computer science,Ian Robertson Sinclair,computer science
Computational science,D. Kiryanov,computer science
Artemis Fowl and the Eternity Code,Eoin Colfer,computer science
Computer sciences,Unknown,computer science
Computer sciences,Unknown,computer science
A Balanced Introduction to Computer Science,David Reed,computer science
Cell,Stephen King,computer science
Cgss Catalog Winter,Computer Computer Science,computer science
Applied computer science,Shane Torbert,computer science
Computer sciences,Roger R. Flynn,computer science
Computer science,J. Glenn Brookshear,computer science
Elements of computer science,Glyn Emery,computer science
Software engineering,Ian Sommerville,computer science
Computer Science Principles,Kevin P Hare,computer science
Artificial Intelligence and Soft Computing,Leszek Rutkowski,computer science
Python programming,John M. Zelle,computer science
Steve Jobs,Walter Isaacson,computer science
Pearson custom computer science,Walter J. Savitch,computer science
Computational Science,Giorgino Mondo,computer science
Computer science,Alexandra I. Forsythe,computer science
Computer science,Alexandra I. Forsythe,computer science
Introduction to computer science,C.W Gear,computer science
Theoretical Computer Science,Dilip Kumar Sultania,computer science
Computer science illuminated,Nell B. Dale,computer science
Introduction to computers and computer science,Richard C. Dorf,computer science
Computer Science,Glenn Brookshear,computer science
Theoretical computer science,Franco P. Preparata,computer science
Computer Science,Jöran Beel,computer science
Computer Science,Ethi Pike,computer science
Computer Science,Unknown,computer science
Computer science,Alexandra I. Forsythe,computer science
Computer science research,United Kingdom Atomic Energy Authority. Research Group.,computer science
Computer Science,Barry Burd,computer science
Computer Science,Alexandra Forsythe,computer science
Computer science,Unknown,computer science
Computer science curricula,Association for Computing Machinery. Special Interest Group on Computer Science Education.,computer science
Computer science,Allen L. Wold,computer science
Computer science,Subrata Dasgupta,computer science
Principles of computer science,Cullen Schaffer,computer science
Computer science & technologies,"Kitagawa, Toshio",computer science
How computers work,Ron White,computer science
Computer science,Tricia Walker,computer science
Computer Science,George Rouse,computer science
Computer science,Alexandra I. Forsythe,computer science
Computer science advanced placement guidebook,John E. Parnell,computer science
A Computer Science Tapestry,Owen L. Astrachan,computer science
AP computer science A,Roselyn Teukolsky,computer science
Idaho Computer Science,CodeHS,computer science
Encyclopedia of computer science,David Hemmendinger,computer science
Computer Science Principles,Kevin Hare,computer science
Computer science 2,R. Baeza-Yates,computer science
